keys,en,ru
MENU_TITLE,Hoarbound,Hoarbound
MENU_NEW_GAME,New game,Новая игра
MENU_CONTINUE,Continue from last sleep,Продолжить с последнего сна
MENU_QUIT,Quit,Выход
MENU_SETTINGS,Settings,Настройки
SETTINGS_TITLE,Settings,Настройки
SETTINGS_MOUSE_SENSITIVITY,Mouse sensitivity,Чувствительность мыши
SETTINGS_INVERT_Y,Invert Y,Инверсия Y
SETTINGS_BACK,Back,Назад
SETTINGS_ACCEPT,Accept,Принять
MENU_NO_SAVE,No sleep saved yet,Сохранённого сна пока нет
PAUSE_TITLE,Paused,Пауза
PAUSE_RESUME,Resume,Продолжить
PAUSE_TO_TITLE,Quit to title,Выйти в меню
PAUSE_UNSAVED_HINT,Progress saves only when you sleep,Прогресс сохраняется только во сне
SLEEP_REFUSED_NOT_SHELTERED,You need shelter to sleep,Для сна нужно укрытие
SLEEP_REFUSED_TOO_COLD,Too cold to sleep here,Здесь слишком холодно для сна
SLEEP_REFUSED_TOO_ALERT,You are not tired enough,Вы недостаточно устали
SLEEP_REFUSED_ALREADY_SLEEPING,Already asleep,Уже спите
CONSUME_REFUSED_UNKNOWN_ITEM,Unknown item,Неизвестный предмет
CONSUME_REFUSED_NOT_CONSUMABLE,You cannot eat that,Это нельзя съесть
CONSUME_REFUSED_NOT_CARRIED,You are not carrying that,У вас этого нет
CONSUME_REFUSED_NO_BIO_MONITOR,Cannot eat right now,Сейчас нельзя поесть
FEED_REFUSED_NO_SOURCE,There is nothing to burn it in,Здесь негде развести огонь
FEED_REFUSED_ALREADY_FULL,The firebox is full,Топка заполнена
FEED_REFUSED_NO_FUEL,You need firewood,Нужны дрова
FEED_REFUSED_NO_TINDER,You need tinder to start it,Для розжига нужна растопка
FEED_REFUSED_NO_INVENTORY,Cannot reach your pack,Нет доступа к рюкзаку
BREACH_GENERIC,Board up the gap,Заколотить проём
WEATHER_CALM,Calm,Штиль
WEATHER_WINDY,Windy,Ветер
WEATHER_SNOWFALL,Snowfall,Снегопад
WEATHER_BLIZZARD,Blizzard,Буря
FEED_PROMPT,Stove,Печка
INTERACT_PUSH,Push,Толкнуть
INTERACT_PICKUP,Pick up,Подобрать
INTERACT_PRESS,Press,Нажать
INTERACT_OPEN,Open,Открыть
INTERACT_USE,Use,Использовать
INTERACT_UNREACHABLE,Can't reach it from here,Отсюда не дотянуться
HOUSE_DOOR_OPEN,Open door,Открыть дверь
HOUSE_DOOR_CLOSE,Close door,Закрыть дверь
BREACH_REFUSED_NO_BOARDS,Lay some boards beside this opening first,Сначала положите доски у этого проёма
BREACH_REFUSED_NO_HAMMER,Pick up the hammer from the tool bench; F here draws it,Возьмите молоток со стола · здесь F достанет его
BREACH_REFUSED_NO_NAILS,You need two nails for one board,На одну доску нужны два гвоздя
BREACH_BOARDS_STAGED,Boards by the opening: %d,Досок у проёма: %d
BREACH_BOARD_PLACE_HINT,Aim up/down · LMB nail board · Esc cancel,Цельтесь выше/ниже · ЛКМ прибить доску · Esc отмена
BREACH_GAP_REMAINS,Gap remaining: %d%%,Осталась щель: %d%%
BREACH_SEALED,Opening sealed,Проём закрыт
PICKUP_REFUSED_TOO_HEAVY,Too heavy to carry,Слишком тяжело нести
PICKUP_REFUSED_HANDS_FULL,You can carry at most three,Можно нести максимум три
PICKUP_REFUSED_HANDS_OCCUPIED,Free your hands first,Сначала освободите руки
PICKUP_REFUSED_HELD_BUSY,Hands are busy with something that cannot be put away,"Руки заняты тем, что нельзя убрать"
PICKUP_REFUSED_NOT_HANDHELD,This is not carried in one hand,Это не взять в одну руку
CABINET_OPEN,Open the cabinet,Открыть шкаф
CABINET_CLOSE,Close the cabinet,Закрыть шкаф
SLEEP_PROMPT,Sleep,Спать
SLEEP_DIALOG_KEYS,Wheel or ← →  hours      [ F ]  sleep and save      [ Esc ]  cancel,Колесо или ← →  часы      [ F ]  спать и сохранить      [ Esc ]  отмена
BEDROLL_PACK,Roll up the bedroll,Свернуть спальник
HUB_PACK,Backpack,Рюкзак
HUB_QUICK_ACCESS,Quick access,Быстрый доступ
HUB_TO_POCKET,Into pocket,В карман
HUB_TO_PACK,Into pack,В рюкзак
HUB_EMPTY,empty,пусто
HUB_WEIGHT,Weight: %.1f / %.0f kg,Вес: %.1f / %.0f кг
HUB_CLOSE_HINT,Tab or Esc — close,Tab или Esc — закрыть
HUB_SIZE_POCKET,pocket,карманный
HUB_SIZE_CARRIED,carried,переносной
HUB_SIZE_BULKY,bulky,громоздкий
HUB_REFUSED_TOO_LARGE,Too big for this pocket,Слишком большой для этого кармана
HUB_REFUSED_OCCUPIED,That pocket is taken,Этот карман занят
HUB_REFUSED_NO_ZONE,No free pocket fits it,Нет свободного подходящего кармана
HUB_REFUSED_OVERWEIGHT,Too heavy for the pack,Слишком тяжело для рюкзака
HUB_PLACE_HINT,Drag with LMB into a lit pocket; release to close,Перетащите ЛКМ в подсвеченный карман; отпустите — закрыть
HUB_USE,Use,Использовать
HUB_CANNOT_USE,Cannot use this here,Здесь это не использовать
BEDROLL_PLACE_HINT,F — lay here · Esc — cancel,F — разложить · Esc — отмена
BEDROLL_PLACE_BLOCKED,Cannot lay the bedroll here · Esc — cancel,Здесь нельзя разложить спальник · Esc — отмена
REST_PROMPT,Sit down,Сесть
WAIT_TITLE,WAIT BY THE FIRE,ЖДАТЬ У ОГНЯ
REST_SEATED_HINT,F — wait · move — stand up,F — ждать · движение — встать
WAIT_DIALOG_KEYS,Wheel or ← →  hours      [ F ]  wait      [ Esc ]  cancel,Колесо или ← →  часы      [ F ]  ждать      [ Esc ]  отмена
TABLE_EAT,Eat,Съесть
TABLE_DRINK,Drink,Выпить
WAIT_ENDED_RECOVERED,Warm and dry,Согрелся и высох
WAIT_ENDED_FIRE_OUT,The stove went out,Печь погасла
WARM_PUT,Warm up,Разогреть
WARM_WARMING,Warming…,Греется…
HUB_INSPECT,Take the pack off,Снять рюкзак
HUB_INSPECT_TITLE,Full inspection,Полная ревизия
HUB_SECTION_MAIN,Main compartment,Главное отделение
HUB_SECTION_LID,Lid,Клапан
HUB_SECTION_SIDES,Side flaps,Боковые клапаны
PACK_INSPECT,Go through the pack,Разобрать рюкзак
LIGHT_PROMPT,Light the stove,Разжечь печь
LIGHT_REQUIREMENTS,Requires tinder + firewood,Нужны растопка + дрова
PROMPT_HEADER_INTERACT,Interact,Взаимодействие
PROMPT_DETAIL_ITEM,Item,Предмет
PROMPT_DETAIL_CONTROL,Control,Управление
PROMPT_DETAIL_DOOR,Door,Дверь
PROMPT_DETAIL_OBJECT,Object,Объект
STOVE_OPEN,Open stove door,Открыть дверцу печки
STOVE_LOAD,Put carried logs inside,Положить дрова из рук в печку
STOVE_CLOSE,Close stove door,Закрыть дверцу печки
STOVE_IGNITE,Light stove,Разжечь печку
STOVE_NEED_LIGHTER,Pick up the lighter from the tool bench,Возьмите зажигалку со стола с инструментами
STOVE_LIGHTER_READY,Lighter ready · hold LMB to ignite,Зажигалка готова · держите ЛКМ для розжига
STOVE_LIGHTER_STRIKE,Hold LMB for 3 seconds to light the tinder,Держите ЛКМ 3 секунды для розжига
STOVE_LIGHTER_MISS,Spark · no flame,Искра · пламени нет
STOVE_LIGHTER_FLAME,Flame caught,Пламя появилось
STOVE_LOADED,Logs placed inside: %d,Положено поленьев: %d
STOVE_FUEL_DETAIL,Stove: %d / %d logs · %.1f h,Печка: %d / %d поленьев · %.1f ч
BREACH_STAGE_ACTION,Lay boards beside window,Сложить доски рядом с проёмом
BREACH_TAKE_ACTION,Take one board and draw hammer,Взять доску и достать молоток
BREACH_NAIL_ACTION,Nail board,Прибить доску
BREACH_RECOVER_ACTION,Take remaining boards,Забрать оставшиеся доски
BREACH_CARRIED_DETAIL,Carrying %d boards; F leaves them here,В руках %d доски · F сложить здесь
REST_FREE_HANDS,Lay down boards or logs before sitting,Сначала положите доски или дрова
REST_TABLE_DETAIL,Sit: pack beside seat; food on table; aim and F to eat,Сесть: рюкзак рядом · еда на столике · F на еде — есть
SHELTER_ROOM_TEMPERATURE,Room air: %.1f °C,В комнате: %.1f °C
Lighter,Lighter,Зажигалка
Hammer,Hammer,Молоток
Nails,Nails,Гвозди
Firewood,Firewood,Дрова
Salvaged boards,Salvaged boards,Доски
Water flask,Water flask,Фляга
FLASK_SHORT_STATUS,%d / %d ml,%d / %d мл
Pocket knife,Pocket knife,Нож
Tinned pineapple,Tinned pineapple,Консервированные ананасы
Tinned stew,Tinned stew,Тушёнка
FLASK_STATUS,Drunk: %d ml · Left: %d / %d ml,Выпито: %d мл · Осталось: %d / %d мл
FLASK_DRINK_ACTION,Drink 250 ml from flask,Выпить 250 мл из фляги
PINEAPPLE_KNIFE_HINT,Carry a knife; first Use opens the tin and the next Use eats,Возьмите нож · первое использование открывает банку следующее позволяет есть
KNIFE_PURPOSE,Reusable tool for opening tinned pineapple,Открывает консервированные ананасы · не расходуется
PINEAPPLE_EAT_ACTION,Open with knife and eat pineapple,Открыть ножом и съесть ананасы
CONSUME_REFUSED_NO_KNIFE,Pick up the knife from the tool bench first,Сначала возьмите нож со стола с инструментами
CONSUME_REFUSED_EMPTY_FLASK,The flask is empty,Фляга пуста
TABLE_BREAK_ACTION,Dismantle wooden table,Разобрать деревянный стол
TABLE_BREAK_WARNING,4 seconds → %d logs; the table will be lost,4 секунды → %d полена · стол будет разобран
TABLE_CLEAR_FIRST,Pick up all supplies on the table first,Сначала заберите все предметы со стола
Open pineapple tin,Open pineapple tin,Открытая банка ананасов
Hatchet,Hatchet,Топор
PINEAPPLE_OPEN_ACTION,Open tin with knife,Открыть банку ножом
PINEAPPLE_OPEN_HINT,The tin is open; Use eats the pineapple,Банка открыта · используйте чтобы съесть ананасы
FLASK_HELD_MARK,%d ml,%d мл
HAND_EAT_ACTION,Eat contents,Съесть содержимое
HAND_TOOL_HINT,Use this tool through a world interaction,Используйте предмет при взаимодействии с объектом
EMPTY_TIN_HELD_HINT,Empty tin; change pocket or open the Hub to put it away,Пустая банка · смените карман или откройте рюкзак чтобы убрать
AXE_BOARD_HINT,Aim at loose boards and press F to chop them,Наведите на лежащие доски и нажмите F чтобы расколоть
WOOD_DROP_HINT,G · Put down %d × %s,G · Положить %d × %s
WOOD_DROP_BLOCKED,No clear floor in front; move away from obstacles,Нет свободного пола впереди · отойдите от препятствия
WOOD_DROPPED,Wood placed on the ground; F picks it back up,Дрова или доски лежат на земле · F чтобы поднять
WOOD_CHOP_ACTION,Chop boards into firewood,Расколоть доски на дрова
WOOD_CHOP_DETAIL,4 seconds · %d boards become the same number of firewood pieces,4 секунды · %d доски превратятся в столько же поленьев
WOOD_CHOP_WORK,Chopping boards into firewood...,Раскалываем доски на дрова…
WOOD_CHOP_DONE,Firewood ready; put the hatchet away and pick up with F,Дрова готовы · уберите топор и подберите через F
HOUSE_DOOR_DRAFTING,Damaged frame — draft remains,Повреждённая рама — всё ещё сквозит
HUB_LOAD_STATUS,Load: %s · movement %.0f%% · fatigue ×%.2f,Нагрузка: %s · движение %.0f%% · усталость ×%.2f
HUB_LOAD_LIGHT,Light,Лёгкая
HUB_LOAD_LOADED,Loaded,Средняя
HUB_LOAD_HEAVY,Heavy,Тяжёлая
HUB_ENERGY_DRAIN_NORMAL,Energy drain: normal,Расход энергии: обычный
HUB_ENERGY_DRAIN_LOAD,Energy drain: ↑ carried weight,Расход энергии: ↑ из-за веса
HUB_CLOTHING_STATUS,Clothes: %s %.0f%% · %s · warmth %.0f%%,Одежда: %s %.0f%% · %s · тепло %.0f%%
HUB_CLOTHING_DRY,Dry,Сухая
HUB_CLOTHING_DAMP,Damp,Сыроватая
HUB_CLOTHING_WET,Wet,Мокрая
HUB_CLOTHING_SOAKED,Soaked,Промокла
HUB_DRYING,Drying,Сохнет
HUB_NOT_DRYING,Not drying,Не сохнет
ACTION_REFUSED_BUSY,Finish the current action first,Сначала закончите текущее действие
AFFLICTION_HYPOTHERMIA,Hypothermia,Переохлаждение
AFFLICTION_DEHYDRATION,Dehydration,Обезвоживание
AFFLICTION_EXHAUSTION,Exhaustion,Истощение
STOVE_MOUSE_LOAD,LMB: load 1 log | RMB: load up to 2,ЛКМ: положить 1 полено | ПКМ: до 2
STOVE_MOUSE_TAKE,RMB: take up to 2 cold logs,ПКМ: забрать до 2 холодных поленьев
STOVE_TAKEN,Taken: %d logs,Взято поленьев: %d
STOVE_FREE_HANDS,G: put down wood first; put away other held tools,G: сначала положите дрова; уберите инструмент из рук
STOVE_CANNOT_TAKE,Only intact cold logs can be taken with room in your hands,"Можно забрать только целые холодные поленья, если в руках есть место"
STOVE_LIGHTER_HOLD,Hold for 3 seconds to ignite,Держать 3 секунды — разжечь
STOVE_CANCEL_LIGHTER,Cancel ignition,Отменить розжиг
STOVE_KINDLING,Tinder caught. The stove is warming up.,Растопка загорелась. Печь разгорается.
STOVE_AVAILABLE,Logs available: %d,Доступно поленьев: %d
STOVE_END_RETURN,Finish returning logs,Завершить возврат поленьев
STOVE_MOUSE_KEY,LMB,ЛКМ
STOVE_ACTION_LOAD,Load logs,Положить поленья
STOVE_ACTION_TAKE,Return whole logs,Забрать целые поленья
STOVE_WARMING,Fire is growing,Печь разгорается
STOVE_BURNING,Stove is burning,Печь горит
STOVE_EMPTY,Firebox is empty,Топка пуста
STOVE_TRANSFER,Moving logs: %d,Перенос поленьев: %d
STOVE_CANCEL_TRANSFER,Cancel,Отменить
STOVE_LOAD_COUNT,Load %d logs,Загрузить %d поленьев
STOVE_PREPARING,Preparing ignition,Готовится к розжигу
STOVE_OVERFLOW_BLOCKED,Logs loaded; no clear floor nearby for the rest. Put them down with G before ignition.,Бревна загружены; рядом нет места для остатка. Положите его клавишей G перед розжигом.
STOVE_TRANSFER_PROGRESS,Loading %d logs · %d%%,Загрузка %d поленьев · %d%%
STOVE_ACTION_INTERRUPTED,Action interrupted — press F to retry,Действие прервано — нажмите F ещё раз
STOVE_RETURN_PROGRESS,Taking back %d logs · %d%%,Возврат %d поленьев · %d%%
Bundle of tinder,Bundle of tinder,Связка растопки
